Author,Rating,Title,Body
Placeholder,5,5.0 out of 5 starsValue for money. Good quality. Easy to use and carry. Long battery life.,"it is pocket-sized so it is easy to carry and portable.It is bright enough for emergency uses, night walks, emergency light use.The focus of the main torch light is good enough for emergency uses and night walks.It offers decent value for money.it is easy to use as you dont have to replace the cells as frequently because it comes with a rechargeable built-in battery and can last a week of emergency use on a single full charge or can last easily around two months on occasional uses on a single full charge.The body of this torch is plastic.The plus-point of this specific model is that you can place it on a table as an emergency light as it has three stands around the main light."
Gourab kumar,4,4.0 out of 5 starsIt is smaal in size but good in light,Good light recommended for who want pocket torch with good light
S s kumar,5,5.0 out of 5 starsWorth money/beam and brightness,I will give 5 star for this product..Outstanding .Small and fit.Brightness is more compare to its size.Spend and convineint charging .Hats of for Eveready. Money tat worth. Atleast company thinks we should give worth product to customers. Overall evryone should buy .
Placeholder,5,5.0 out of 5 starsBest Quality Product,Best quality product with long range and lighting modes and is portable with low price.
Dipayan saha,3,3.0 out of 5 starsBattery backup low.,Light quality is good but battery backup is low quality.
Ak,5,5.0 out of 5 starsSmall but effective,"Very good beam and side light ,good quality at this price meets the requirements."
Rohit,4,4.0 out of 5 starsSmall size and decent lighting,"Small size, rechargeable, branded torch that’s just perfect for mild personal use. Can be charged with any micro USB charger. Battery backup and product quality is  decent. Looks cute."
SAI KRISHNA,5,5.0 out of 5 starsGood product,Nice light throw and good battery backup comes around 1.5 hours and pocket friendly item good for normal use
nishant,4,4.0 out of 5 starsGood one,"Good and cute, my daughter happy to have her personal touch for her small tent house."
varsha singh,4,4.0 out of 5 starsVery good,Good prodect
shivam,4,4.0 out of 5 starsGo for it,"Useful, good battery life , light weight"
sohel japanwala,5,5.0 out of 5 starsworth every penny.,"It is a versatile product.The design has been well though over.1. The edges are angular that ensure it doesn't roll over when you place it on a surface.2. The tube mode can be used by placing it vertically. The stand like design on the bottom serves well for this purpose.3. The best part is the clip on its side which helps hands free usage. It can be clipped onto your shirt etc.  I, honestly, use it as a reading light in this fashion.4. The button is pretty large and sturdy.The built seems super sturdy.It is super bright in both modes and covers a good enough area.Overall good value of money."
prabhakar,5,5.0 out of 5 starsEssential item for every household,Though very small it serves the purpose a basic simple emergency torch light
Veeru,4,4.0 out of 5 starsSuper power,Super
Kalai,5,5.0 out of 5 stars👍,Very nice
Krishnapriya,5,5.0 out of 5 starsFor Emergency very Good,Very Good
VSN,5,5.0 out of 5 starsGood pocket size,Good
Mangesh chandrakant surve,5,5.0 out of 5 starsGood,Nice & exlent
Himanshu katiyar,3,3.0 out of 5 starsEverest brother product price too high,To costly product
Saqib khan,5,5.0 out of 5 starsNice product,Very nice product
Iliyas,3,3.0 out of 5 starsNice,Working on
Ajay Bera,4,4.0 out of 5 starsGood quality,Quality is very good and it is cheaper than retailer shop in my locality.
Shivam Raj,5,5.0 out of 5 starsNice product,Product is all good seems quiet small
Antony Gruz,5,5.0 out of 5 starsWorth,Nice one
Jaydeep Thanawala,5,5.0 out of 5 starsVery Very useful Torch,Very useful torch. You can bring it in your pocket.Thanks to the Eveready Company.
BRAHAM BANSAL,3,3.0 out of 5 starsI find it bulky,"The video showcases the product in use.The video guides you through product setup.The video compares multiple products.The video shows the product being unpacked.Video Player is loading.Click to play videoPlayMuteCurrent Time0:00/Duration0:24Loaded:12.51%0:00Stream TypeLIVESeek to live, currently behind liveLIVERemaining Time-0:241xPlayback RateChaptersChaptersDescriptionsdescriptions off, selectedCaptionsCaptions off, selectedAudio Trackdefault, selectedFullscreenThis is a modal window.Eveready DL 101 is bulky go for Eveready Boomlite DL85"
Niranjan B.,3,3.0 out of 5 starsOkay,It's okay. Not bad.
Subhabrata Saha,5,"5.0 out of 5 starsGood one, satisfied","Good one, can buy"
Prarthana,5,5.0 out of 5 starsvalue for money,"very handy , value for money, last approximately 2 hours. provided clip is very useful."
Chiragg Parekh,5,5.0 out of 5 starsSuperb focus in night.,Nice. Body seems delicate and required required to handle with care.  Pressing a little hard may cause damage to it. A fully charged works longer.
ANBU BALAN .K,5,5.0 out of 5 starsWorthy one,"Very good , I used for night trekking 4hours charge stands..velliangiri trip worth"
Chiranjib Kumar Nath,5,5.0 out of 5 starsReliable,The sliding switch mechanism is more reliable then then the click button ones.
Saiful,5,5.0 out of 5 starsLight through is best,"Brightness of both led is quite sufficient, Also charging time is fast. Battery backup is enough, I haven't tried more than 2 hrs. But I think it's sufficient for 3-4 hrs in emergency."
jadeja ajaysinh,4,4.0 out of 5 starsGood Quality,Good torch light
Akshay,5,5.0 out of 5 starsGood product,Small but powerful
Kapil,5,5.0 out of 5 starsDl101 good portable torch,Very portable use any carry in pocket easily.
IRFAN,3,3.0 out of 5 starsQuality,Nice product
Amazon Customer,5,5.0 out of 5 starsExcellent,Nice quality
Amit S.,5,5.0 out of 5 starsVery bright !,Best torch and very lightweight !
Neil,5,5.0 out of 5 starsGreat buy for the elderly.,"Very bright. Button is easy to feel in the dark. Battery life is pretty good. Holds charge really well. Super lightweight, should've/ could've been slimmer.Only con is the micro usb charging port."
RaviKiran,5,5.0 out of 5 starsValue for money,Value for money
Razi,5,5.0 out of 5 starsPortable... Easy to carry,Worth it... As for the money... Useful..lightweight...
HEMANT KUMAR,5,5.0 out of 5 starsGood product,Good quality
Manoj Kumar Naik,5,5.0 out of 5 starsValue for money 💰 product 👌,Good product 👌 👍 best value for money 💰 🤑 nice looking 👌
atul purandare,5,5.0 out of 5 starsGood one,Nice. Make in india
Jayesh Bhagat,4,4.0 out of 5 starsGood for small treks,"Elegant and thoightful design, Light weight extremely portable, Very powerful light and brightnessOnly downside is the battery life it doesn't last even for an hour"
Amazon Customer,5,5.0 out of 5 starsPowerful,Chota bheemPowerful
zolianmawia,4,4.0 out of 5 starsGood,Good light.
Buvaneswaran,5,5.0 out of 5 starsTorch light,Value for maney
Amazon Customer sunil,5,5.0 out of 5 starsGood product,I wanted yellow color but got blue
ANUJ A.,4,4.0 out of 5 starsReview,"I have given 4 because I did not receive the yellow color as I ordered, also it has a minor mark of molding"
sb@kgp,5,5.0 out of 5 starsPocket Torch with Balanced performance,Pocket Torch with Balanced performance
Adhiraj Bhadra,5,5.0 out of 5 starsvery good.,top product at this price. amazing quality.
Yogeshwar das,5,5.0 out of 5 starsDurable,Long time battery backup & good brightness
Pallab Kumar Bose,4,4.0 out of 5 starsGood quality as per price,Quality is good.. but I ordered the yellow colour instead I get black colour..
Placeholder,2,2.0 out of 5 starsPoor build quality,Torch intensity is good . But build quality is poor. Feels like it would break if it falls on ground
Rohit Sharma,3,3.0 out of 5 starsValue for money,Nice
Susruta Associates,4,4.0 out of 5 starsTorch ligjt re chaerjable,"Intensity is very low and need a console for chargerNow a days people are using C tipy pin for their mobile, for this light other side USB pin provided"
krishna,4,4.0 out of 5 starsPocket light,Handy product for daily and emergency situations.
Lakshminarayanan AS,5,5.0 out of 5 starsHandy,Excellent product at this price rangeProsHandyCan be carried in tripsHas dual mode functional torch and flashlightClip for attaching to dressHas charging indicator and charges under less than 3 hours for meConsMicro usb charging port so u need to carry a separate cableThere is a lanyard hole but finding a lanyard of that diameter is difficult
Momin zubair,4,4.0 out of 5 starsIt's Good,It's Good
PRADEEP SINGH,3,3.0 out of 5 starsYou can get better than this,The colour of the torch will not be of your choice.. I ordered Yellow and got black moct of the reviews says the same alsothe brightness of the torch is not so good it's just ok.. you can get better brightness in other torch.quality is good
"Sandeep , it's like a froud in the name of spirulina teblet I don't buy again",2,2.0 out of 5 starsDurability,On off battan old type
SS PARASHAR,4,"4.0 out of 5 starsHandy to use,",It IS WORTH OF MONEY..
Soham Das,5,5.0 out of 5 starsNice handy torch.,"No nonsense easy to use torch light. Clips on shirt for handsfree operation, and bright enough at the price point. Light weight and also use as emergency lantern."
Ajay Singh Hada,4,4.0 out of 5 starsGood product,Battery backup is not good lasts for 2 hours only
Placeholder,5,5.0 out of 5 starsSuperb one,Great one
Amazon Customer,4,4.0 out of 5 starsValue for money product,Value for money product. Battery life is satisfactory. Product usability is good. The clip quality could have been better
Shobhit sinha,4,4.0 out of 5 starsVery good product.,"Battery and range is excellent but only one problem, you need to struggle while inserting the power cord in the slot, feels like it will break."
Bhushan Manapure,4,4.0 out of 5 starsPocket size Emergency Light of 1W + 3W combination,"Bright light, dual mode is good for emergency use, Small pocket size"
vishal,5,5.0 out of 5 starsIncredible product must buy,Great torch value for money gave it to my son he loved it good throw of light for this size torch
Book hoarder,5,5.0 out of 5 starsAmazing,"Received the product in Great condition. The light just does its job. It's light, loght quality is great - good for daily use. Works very well."
trigartvanshi,5,5.0 out of 5 starsSuper bright,It is great. Brightness is full of all the lumens you can jmagine considering the size. Only flipside is size. It was advertised as 3.5 cm long but it might probably be 3.5 inches long. Rest all good good.
shamadman,3,3.0 out of 5 starsOk for price,Looks sturdy but the slider switch came off on first use. Will have to stick it back. Light is adequate.
Mario,4,4.0 out of 5 starsHow to select colour,"The torch is pocket friendly,,, brightness A1... I would like to purchase again....How to select colour..?? Can anyone help"
Jb Magar,5,5.0 out of 5 starsEveready DL mini light,"“Yes, I would recommend this product. I like it very much.”"
Amazon customer,5,5.0 out of 5 starsMust for every home,Small but very powerful. Torch is good but the emergency light is as good as the Torch light. Built quality is top notch
Rahul,5,5.0 out of 5 starsEveready,"This is too good bright light ,led as well for 169rs it's totally worth it"
Manash pathak,5,5.0 out of 5 starsFULLY VALUE OF MONEY,VERY GOOD PRODUCT
SURESH RAMASAMY,5,5.0 out of 5 starsNice product,Worty buying
Amazon Customer,5,5.0 out of 5 starsCompact rechargeable,Perfect
deepak deshwal,4,4.0 out of 5 starsChoose wisely according to your needs.,"Its too lightweight and has a quite bright luminous light..Don't think twice, go for it.. you don't regret....I just little sad because amazon ordered different color.."
bindesh,5,5.0 out of 5 starsSide light is very good.,After using Multiple torches this one is best. Side light is very useful.
Rohit  Borse,5,5.0 out of 5 starsGo for if you want under 2 hour battery backup.,First order is faulty so I replaced and received proper working product.I didn't expect more then 1 hours battery backup but the product good
Nozmul Hussain,4,4.0 out of 5 starsDaily need torch,"Delivery time is ok, product is ok"
bishnu kant,3,3.0 out of 5 starsBattery backup is very good,Very good product
prasanna,5,5.0 out of 5 starsgood value for money,excellent product .long distance powerful light. and gave me 4 hours backup as described. clip feature was worth the money.
One Nation with One Rule,4,4.0 out of 5 starsLED Torch,Good and Handy Torch
Bhaskar jit baruah,4,4.0 out of 5 starsColor different but ok,Different color received. Heavy brightness. Value for money
milandeka,4,4.0 out of 5 starsgood,good
Chaudhary,5,5.0 out of 5 stars10/10,Pretty food and worth the price
Pankaj Singh,4,4.0 out of 5 starsOkayish,Good for 150 rupees
Bk Naga,4,4.0 out of 5 starsGood,Good product
Rupashree Mishra,3,3.0 out of 5 starsReceived today.Medium stage,Medium use...Battery is 500Mah.It only lasts for a Hour.Better go for  Bajaj Mini Torch.
Harnam,5,5.0 out of 5 starsSuper Practical & Useful gadget! Worth the money,"The video showcases the product in use.The video guides you through product setup.The video compares multiple products.The video shows the product being unpacked.Video Player is loading.Click to play videoPlayMuteCurrent Time0:00/Duration0:13Loaded:23.10%0:00Stream TypeLIVESeek to live, currently behind liveLIVERemaining Time-0:131xPlayback RateChaptersChaptersDescriptionsdescriptions off, selectedCaptionsCaptions off, selectedEnglish (Automated)Audio Trackdefault, selectedFullscreenThis is a modal window.6 stars Product! I will choose this over other chinese flashlights in the market.Beware!!!! Dont hand it over to children as the light seems to be extremely strong as it feels warm when kept infront of skin. Will damage eyes for sure and permanent like lazer.Super practical. I just feel there should be a magnet to stick it to places which I would Mod it to mine shortly.PS: I am yet to test the full battery. I hav charged it full and using it for around 5 mins in 2 days. Works amazing so far."
Anil Pandita,4,4.0 out of 5 starsNice,Small yet powerful.
